rank	lemma	PoS
1	the	a
2	be	v
3	and	c
4	a	a
5	of	i
6	to	t
7	in	i
8	i	p
9	you	p
10	it	p
11	have	v
12	to	i
13	that	c
14	for	i
15	do	v
16	he	p
17	with	i
18	on	i
19	this	d
20	n't	x
21	we	p
22	that	d
23	not	x
24	but	c
25	they	p
26	say	v
27	at	i
28	what	d
29	his	a
30	from	i
31	go	v
32	or	c
33	by	i
34	get	v
35	she	p
36	my	a
37	can	v
38	as	c
39	know	v
40	if	c
41	me	p
42	your	a
43	all	d
44	who	p
45	about	i
46	their	a
47	will	v
48	so	r
49	would	v
50	make	v
51	just	r
52	up	r
53	think	v
54	time	n
55	there	e
56	see	v
57	her	a
58	as	i
59	out	r
60	one	m
61	come	v
62	people	n
63	take	v
64	year	n
65	him	p
66	them	p
67	some	d
68	want	v
69	how	r
70	when	c
71	which	d
72	now	r
73	like	i
74	other	j
75	could	v
76	our	a
77	into	i
78	here	r
79	then	r
80	than	c
81	look	v
82	way	n
83	more	r
84	these	d
85	no	a
86	thing	n
87	well	r
88	because	c
89	also	r
90	two	m
91	use	v
92	tell	v
93	good	j
94	first	m
95	man	n
96	day	n
97	find	v
98	give	v
99	more	d
100	new	j
101	one	p
102	us	p
103	any	d
104	those	d
105	very	r
106	her	p
107	need	v
108	back	r
109	there	r
110	should	v
111	even	r
112	only	r
113	many	d
114	really	r
115	work	v
116	life	n
117	why	r
118	right	r
119	down	r
120	on	r
121	try	v
122	let	v
123	something	p
124	too	r
125	call	v
126	woman	n
127	may	v
128	still	r
129	through	i
130	mean	v
131	after	i
132	never	r
133	no	u
134	world	n
135	in	r
136	feel	v
137	yeah	u
138	great	j
139	last	m
140	child	n
141	oh	u
142	over	i
143	ask	v
144	when	r
145	as	r
146	school	n
147	state	n
148	much	d
149	talk	v
150	out	i
151	keep	v
152	leave	v
153	put	v
154	like	v
155	help	v
156	big	j
157	where	r
158	same	d
159	all	r
160	own	d
161	while	c
162	start	v
163	three	m
164	high	j
165	every	a
166	another	d
167	become	v
168	most	r
169	between	i
170	happen	v
171	family	n
172	over	r
173	president	n
174	old	j
175	yes	u
176	house	n
177	show	v
178	again	r
179	student	n
180	so	c
181	seem	v
182	might	v
183	part	n
184	hear	v
185	its	a
186	place	n
187	problem	n
188	where	c
189	believe	v
190	country	n
191	always	r
192	week	n
193	point	n
194	hand	n
195	off	r
196	play	v
197	turn	v
198	few	d
199	group	n
200	such	d
201	against	i
202	run	v
203	guy	n
204	about	r
205	case	n
206	question	n
207	work	n
208	night	n
209	live	v
210	game	n
211	number	n
212	write	v
213	bring	v
214	without	i
215	money	n
216	lot	n
217	most	d
218	book	n
219	system	n
220	government	n
221	next	m
222	city	n
223	company	n
224	story	n
225	today	r
226	job	n
227	move	v
228	must	v
229	bad	j
230	friend	n
231	during	i
232	begin	v
233	love	v
234	each	d
235	hold	v
236	different	j
237	american	j
238	little	j
239	before	i
240	ever	r
241	word	n
242	fact	n
243	right	n
244	read	v
245	anything	p
246	nothing	p
247	sure	j
248	small	j
249	month	n
250	program	n
251	maybe	r
252	right	j
253	under	i
254	business	n
255	home	n
256	kind	n
257	stop	v
258	pay	v
259	study	n
260	since	c
261	issue	n
262	name	n
263	idea	n
264	room	n
265	percent	n
266	far	r
267	away	r
268	law	n
269	actually	r
270	large	j
271	though	c
272	provide	v
273	lose	v
274	power	n
275	kid	n
276	war	n
277	understand	v
278	head	n
279	mother	n
280	real	j
281	best	j
282	team	n
283	eye	n
284	long	r
285	long	j
286	side	n
287	water	n
288	young	j
289	wait	v
290	okay	r
291	both	d
292	yet	r
293	after	c
294	meet	v
295	service	n
296	area	n
297	important	j
298	person	n
299	hey	u
300	thank	v
301	much	r
302	someone	p
303	end	n
304	change	v
305	however	r
306	only	j
307	around	r
308	hour	n
309	everything	p
310	national	j
311	four	m
312	line	n
313	girl	n
314	around	i
315	watch	v
316	until	c
317	father	n
318	sit	v
319	create	v
320	information	n
321	car	n
322	learn	v
323	least	r
324	already	r
325	kill	v
326	minute	n
327	party	n
328	include	v
329	stand	v
330	together	r
331	back	n
332	follow	v
333	health	n
334	remember	v
335	often	r
336	reason	n
337	speak	v
338	ago	r
339	set	v
340	black	j
341	member	n
342	community	n
343	once	r
344	social	j
345	news	n
346	allow	v
347	win	v
348	body	n
349	lead	v
350	continue	v
351	whether	c
352	enough	r
353	spend	v
354	level	n
355	able	j
356	political	j
357	almost	r
358	boy	n
359	university	n
360	before	c
361	stay	v
362	add	v
363	later	r
364	change	n
365	five	m
366	probably	r
367	center	n
368	among	i
369	face	n
370	public	j
371	die	v
372	food	n
373	else	r
374	history	n
375	buy	v
376	result	n
377	morning	n
378	off	i
379	parent	n
380	office	n
381	course	r
382	send	v
383	research	n
384	walk	v
385	door	n
386	white	j
387	several	d
388	court	n
389	home	r
390	grow	v
391	better	j
392	open	v
393	moment	n
394	including	i
395	consider	v
396	both	r
397	such	i
398	little	r
399	within	i
400	second	m
401	late	j
402	street	n
403	free	j
404	better	r
405	everyone	p
406	policy	n
407	table	n
408	sorry	j
409	care	n
410	low	j
411	human	j
412	please	r
413	hope	v
414	TRUE	j
415	process	n
416	teacher	n
417	data	n
418	offer	v
419	death	n
420	whole	j
421	experience	n
422	plan	n
423	easy	j
424	education	n
425	build	v
426	expect	v
427	fall	v
428	himself	p
429	age	n
430	hard	j
431	sense	n
432	across	i
433	show	n
434	early	j
435	college	n
436	music	n
437	appear	v
438	mind	n
439	class	n
440	police	n
441	use	n
442	effect	n
443	season	n
444	tax	n
445	heart	n
446	son	n
447	art	n
448	possible	j
449	serve	v
450	break	v
451	although	c
452	end	v
453	market	n
454	even	c
455	air	n
456	force	n
457	require	v
458	foot	n
459	up	i
460	listen	v
461	agree	v
462	according	i
463	anyone	p
464	baby	n
465	wrong	j
466	love	n
467	cut	v
468	decide	v
469	republican	n
470	full	j
471	behind	i
472	pass	v
473	interest	n
474	sometimes	r
475	security	n
476	eat	v
477	report	v
478	control	n
479	rate	n
480	local	j
481	suggest	v
482	report	n
483	nation	n
484	sell	v
485	action	n
486	support	v
487	wife	n
488	decision	n
489	receive	v
490	value	n
491	base	v
492	pick	v
493	phone	n
494	thanks	n
495	event	n
496	drive	v
497	strong	j
498	reach	v
499	remain	v
500	explain	v
501	site	n
502	hit	v
503	pull	v
504	church	n
505	model	n
506	perhaps	r
507	relationship	n
508	six	m
509	fine	j
510	movie	n
511	field	n
512	raise	v
513	less	r
514	player	n
515	couple	n
516	million	m
517	themselves	p
518	record	n
519	especially	r
520	difference	n
521	light	n
522	development	n
523	federal	j
524	former	d
525	role	n
526	pretty	r
527	myself	p
528	view	n
529	price	n
530	effort	n
531	nice	j
532	quite	r
533	along	i
534	voice	n
535	finally	r
536	department	n
537	either	r
538	toward	i
539	leader	n
540	because	i
541	photo	n
542	wear	v
543	space	n
544	project	n
545	return	v
546	position	n
547	special	j
548	million	n
549	film	n
550	need	n
551	major	j
552	type	n
553	town	n
554	article	n
555	road	n
556	form	n
557	chance	n
558	drug	n
559	economic	j
560	situation	n
561	choose	v
562	practice	n
563	cause	v
564	happy	j
565	science	n
566	join	v
567	teach	v
568	early	r
569	develop	v
570	share	v
571	yourself	p
572	carry	v
573	clear	j
574	brother	n
575	matter	n
576	dead	j
577	image	n
578	star	n
579	cost	n
580	simply	r
581	post	n
582	society	n
583	picture	n
584	piece	n
585	paper	n
586	energy	n
587	personal	j
588	building	n
589	military	j
590	open	j
591	doctor	n
592	activity	n
593	exactly	r
594	american	n
595	media	n
596	miss	v
597	evidence	n
598	product	n
599	realize	v
600	save	v
601	arm	n
602	technology	n
603	catch	v
604	comment	n
605	look	n
606	term	n
607	color	n
608	cover	v
609	describe	v
610	guess	v
611	choice	n
612	source	n
613	mom	n
614	soon	r
615	director	n
616	international	j
617	rule	n
618	campaign	n
619	ground	n
620	election	n
621	face	v
622	uh	u
623	check	v
624	page	n
625	fight	v
626	itself	p
627	test	n
628	patient	n
629	produce	v
630	certain	j
631	whatever	d
632	half	d
633	video	n
634	support	n
635	throw	v
636	third	m
637	care	v
638	rest	n
639	recent	j
640	available	j
641	step	n
642	ready	j
643	opportunity	n
644	official	n
645	oil	n
646	call	n
647	organization	n
648	character	n
649	single	j
650	current	j
651	likely	j
652	county	n
653	future	n
654	dad	n
655	whose	d
656	less	d
657	shoot	v
658	industry	n
659	second	n
660	list	n
661	general	j
662	stuff	n
663	figure	n
664	attention	n
665	forget	v
666	risk	n
667	no	r
668	focus	v
669	short	j
670	fire	n
671	dog	n
672	red	j
673	hair	n
674	point	v
675	condition	n
676	wall	n
677	daughter	n
678	before	r
679	deal	n
680	author	n
681	truth	n
682	upon	i
683	husband	n
684	period	n
685	series	n
686	order	n
687	officer	n
688	close	j
689	land	n
690	note	v
691	computer	n
692	thought	n
693	economy	n
694	goal	n
695	bank	n
696	behavior	n
697	sound	v
698	deal	v
699	certainly	r
700	nearly	r
701	increase	v
702	act	n
703	north	n
704	well	i
705	blood	n
706	culture	n
707	medical	j
708	ok	r
709	everybody	p
710	top	n
711	difficult	j
712	close	v
713	language	n
714	window	n
715	response	n
716	population	n
717	lie	v
718	tree	n
719	park	n
720	worker	n
721	draw	v
722	plan	v
723	drop	v
724	push	v
725	earth	n
726	cause	n
727	per	i
728	private	j
729	tonight	r
730	race	n
731	than	i
732	letter	n
733	other	p
734	gun	n
735	simple	j
736	course	n
737	wonder	v
738	involve	v
739	hell	n
740	poor	j
741	each	p
742	answer	n
743	nature	n
744	administration	n
745	common	j
746	no	p
747	hard	r
748	message	n
749	song	n
750	enjoy	v
751	similar	j
752	congress	n
753	attack	n
754	past	j
755	hot	j
756	seek	v
757	amount	n
758	analysis	n
759	store	n
760	defense	n
761	bill	n
762	like	c
763	cell	n
764	away	i
765	performance	n
766	hospital	n
767	bed	n
768	board	n
769	protect	v
770	century	n
771	summer	n
772	material	n
773	individual	n
774	recently	r
775	example	n
776	represent	v
777	fill	v
778	state	v
779	place	v
780	animal	n
781	fail	v
782	factor	n
783	natural	j
784	sir	n
785	agency	n
786	usually	r
787	significant	j
788	help	n
789	ability	n
790	mile	n
791	statement	n
792	entire	j
793	democrat	n
794	floor	n
795	serious	j
796	career	n
797	dollar	n
798	vote	v
799	sex	n
800	compare	v
801	south	n
802	forward	r
803	subject	n
804	financial	j
805	identify	v
806	beautiful	j
807	decade	n
808	bit	n
809	reduce	v
810	sister	n
811	quality	n
812	quickly	r
813	act	v
814	press	n
815	worry	v
816	accept	v
817	enter	v
818	mention	v
819	sound	n
820	thus	r
821	plant	n
822	movement	n
823	scene	n
824	section	n
825	treatment	n
826	wish	v
827	benefit	n
828	interesting	j
829	west	n
830	candidate	n
831	approach	n
832	determine	v
833	resource	n
834	claim	v
835	answer	v
836	prove	v
837	sort	n
838	enough	d
839	size	n
840	somebody	p
841	knowledge	n
842	rather	r
843	hang	v
844	sport	n
845	tv	n
846	loss	n
847	argue	v
848	left	j
849	note	n
850	meeting	n
851	skill	n
852	card	n
853	feeling	n
854	despite	i
855	degree	n
856	crime	n
857	that	r
858	sign	n
859	occur	v
860	imagine	v
861	vote	n
862	near	i
863	king	n
864	box	n
865	present	v
866	figure	v
867	seven	m
868	foreign	j
869	laugh	v
870	disease	n
871	lady	n
872	beyond	i
873	discuss	v
874	finish	v
875	design	n
876	concern	n
877	ball	n
878	east	n
879	recognize	v
880	apply	v
881	prepare	v
882	network	n
883	huge	j
884	success	n
885	district	n
886	cup	n
887	name	v
888	physical	j
889	growth	n
890	rise	v
891	hi	u
892	standard	n
893	force	v
894	sign	v
895	fan	n
896	theory	n
897	staff	n
898	hurt	v
899	legal	j
900	september	n
901	set	n
902	outside	i
903	et	r
904	strategy	n
905	clearly	r
906	property	n
907	lay	v
908	final	j
909	authority	n
910	perfect	j
911	method	n
912	region	n
913	since	i
914	impact	n
915	indicate	v
916	safe	j
917	committee	n
918	supposed	j
919	dream	n
920	training	n
921	shit	n
922	central	j
923	option	n
924	eight	m
925	particularly	r
926	completely	r
927	opinion	n
928	main	j
929	ten	m
930	interview	n
931	exist	v
932	remove	v
933	dark	j
934	play	n
935	union	n
936	professor	n
937	pressure	n
938	purpose	n
939	stage	n
940	blue	j
941	herself	p
942	sun	n
943	pain	n
944	artist	n
945	employee	n
946	avoid	v
947	account	n
948	release	v
949	fund	n
950	environment	n
951	treat	v
952	specific	j
953	version	n
954	shot	n
955	hate	v
956	reality	n
957	visit	v
958	club	n
959	justice	n
960	river	n
961	brain	n
962	memory	n
963	rock	n
964	talk	n
965	camera	n
966	global	j
967	various	j
968	arrive	v
969	notice	v
970	bit	r
971	detail	n
972	challenge	n
973	argument	n
974	lot	r
975	nobody	p
976	weapon	n
977	best	r
978	station	n
979	island	n
980	absolutely	r
981	instead	r
982	discussion	n
983	instead	i
984	affect	v
985	design	v
986	little	d
987	anyway	r
988	respond	v
989	control	v
990	trouble	n
991	conversation	n
992	manage	v
993	close	r
994	date	n
995	public	n
996	army	n
997	top	j
998	post	v
999	charge	n
1000	seat	n
1001	assume	v
1002	writer	n
1003	perform	v
1004	credit	n
1005	green	j
1006	marriage	n
1007	operation	n
1008	indeed	r
1009	sleep	v
1010	necessary	j
1011	reveal	v
1012	agent	n
1013	access	n
1014	bar	n
1015	debate	n
1016	leg	n
1017	contain	v
1018	beat	v
1019	cool	j
1020	democratic	j
1021	cold	j
1022	glass	n
1023	improve	v
1024	adult	n
1025	trade	n
1026	religious	j
1027	head	v
1028	review	n
1029	kind	r
1030	address	v
1031	association	n
1032	measure	n
1033	stock	n
1034	gas	n
1035	deep	j
1036	lawyer	n
1037	production	n
1038	relate	v
1039	middle	j
1040	management	n
1041	original	j
1042	victim	n
1043	cancer	n
1044	speech	n
1045	particular	j
1046	trial	n
1047	none	p
1048	item	n
1049	weight	n
1050	tomorrow	r
1051	step	v
1052	positive	j
1053	form	v
1054	citizen	n
1055	study	v
1056	trip	n
1057	establish	v
1058	executive	n
1059	politics	n
1060	stick	v
1061	customer	n
1062	manager	n
1063	rather	i
1064	publish	v
1065	popular	j
1066	sing	v
1067	ahead	r
1068	conference	n
1069	total	j
1070	discover	v
1071	fast	r
1072	base	n
1073	direction	n
1074	sunday	n
1075	maintain	v
1076	past	n
1077	majority	n
1078	peace	n
1079	dinner	n
1080	partner	n
1081	user	n
1082	above	i
1083	fly	v
1084	bag	n
1085	therefore	r
1086	rich	j
1087	individual	j
1088	tough	j
1089	owner	n
1090	shall	v
1091	inside	i
1092	voter	n
1093	tool	n
1094	june	n
1095	far	j
1096	may	n
1097	mountain	n
1098	range	n
1099	coach	n
1100	fear	n
1101	friday	n
1102	attorney	n
1103	unless	c
1104	nor	c
1105	expert	n
1106	structure	n
1107	budget	n
1108	insurance	n
1109	text	n
1110	freedom	n
1111	crazy	j
1112	reader	n
1113	style	n
1114	through	r
1115	march	n
1116	machine	n
1117	november	n
1118	generation	n
1119	income	n
1120	born	v
1121	admit	v
1122	hello	u
1123	onto	i
1124	sea	n
1125	okay	j
1126	mouth	n
1127	throughout	i
1128	own	v
1129	test	v
1130	web	n
1131	shake	v
1132	threat	n
1133	solution	n
1134	shut	v
1135	down	i
1136	travel	v
1137	scientist	n
1138	hide	v
1139	obviously	r
1140	refer	v
1141	alone	r
1142	drink	v
1143	investigation	n
1144	senator	n
1145	unit	n
1146	photograph	n
1147	july	n
1148	television	n
1149	key	j
1150	sexual	j
1151	radio	n
1152	prevent	v
1153	once	c
1154	modern	j
1155	senate	n
1156	violence	n
1157	touch	v
1158	feature	n
1159	audience	n
1160	evening	n
1161	whom	p
1162	front	i
1163	hall	n
1164	task	n
1165	score	n
1166	skin	n
1167	suffer	v
1168	wide	j
1169	spring	n
1170	experience	v
1171	civil	j
1172	safety	n
1173	weekend	n
1174	while	n
1175	worth	i
1176	title	n
1177	heat	n
1178	normal	j
1179	hope	n
1180	yard	n
1181	finger	n
1182	tend	v
1183	mission	n
1184	eventually	r
1185	participant	n
1186	hotel	n
1187	judge	n
1188	pattern	n
1189	break	n
1190	institution	n
1191	faith	n
1192	professional	j
1193	reflect	v
1194	folk	n
1195	surface	n
1196	fall	n
1197	client	n
1198	edge	n
1199	traditional	j
1200	council	n
1201	device	n
1202	firm	n
1203	environmental	j
1204	responsibility	n
1205	chair	n
1206	internet	n
1207	october	n
1208	by	r
1209	funny	j
1210	immediately	r
1211	investment	n
1212	ship	n
1213	effective	j
1214	previous	j
1215	content	n
1216	consumer	n
1217	element	n
1218	nuclear	j
1219	spirit	n
1220	directly	r
1221	afraid	j
1222	define	v
1223	handle	v
1224	track	n
1225	run	n
1226	wind	n
1227	lack	n
1228	cost	v
1229	announce	v
1230	journal	n
1231	heavy	j
1232	ice	n
1233	collection	n
1234	feed	v
1235	soldier	n
1236	just	j
1237	governor	n
1238	fish	n
1239	shoulder	n
1240	cultural	j
1241	successful	j
1242	fair	j
1243	trust	v
1244	suddenly	r
1245	future	j
1246	interested	j
1247	deliver	v
1248	saturday	n
1249	editor	n
1250	fresh	j
1251	anybody	p
1252	destroy	v
1253	claim	n
1254	critical	j
1255	agreement	n
1256	powerful	j
1257	researcher	n
1258	concept	n
1259	willing	j
1260	band	n
1261	marry	v
1262	promise	v
1263	easily	r
1264	restaurant	n
1265	league	n
1266	senior	j
1267	capital	n
1268	anymore	r
1269	april	n
1270	potential	j
1271	etc	r
1272	quick	j
1273	magazine	n
1274	status	n
1275	attend	v
1276	replace	v
1277	due	i
1278	hill	n
1279	kitchen	n
1280	achieve	v
1281	screen	n
1282	generally	r
1283	mistake	n
1284	along	r
1285	strike	v
1286	battle	n
1287	spot	n
1288	basic	j
1289	very	j
1290	corner	n
1291	target	n
1292	driver	n
1293	beginning	n
1294	religion	n
1295	crisis	n
1296	count	v
1297	museum	n
1298	engage	v
1299	communication	n
1300	murder	n
1301	blow	v
1302	object	n
1303	express	v
1304	huh	u
1305	encourage	v
1306	matter	v
1307	blog	n
1308	smile	v
1309	return	n
1310	belief	n
1311	block	n
1312	debt	n
1313	fire	v
1314	labor	n
1315	understanding	n
1316	neighborhood	n
1317	contract	n
1318	middle	n
1319	species	n
1320	additional	j
1321	sample	n
1322	involved	j
1323	inside	r
1324	mostly	r
1325	path	n
1326	concerned	j
1327	apple	n
1328	conduct	v
1329	god	n
1330	wonderful	j
1331	library	n
1332	prison	n
1333	hole	n
1334	attempt	n
1335	complete	v
1336	code	n
1337	sales	n
1338	gift	n
1339	refuse	v
1340	increase	n
1341	garden	n
1342	introduce	v
1343	roll	v
1344	christian	j
1345	definitely	r
1346	like	j
1347	lake	n
1348	turn	n
1349	sure	r
1350	earn	v
1351	plane	n
1352	vehicle	n
1353	examine	v
1354	application	n
1355	thousand	n
1356	coffee	n
1357	gain	v
1358	result	v
1359	file	n
1360	billion	m
1361	reform	n
1362	ignore	v
1363	welcome	v
1364	gold	n
1365	jump	v
1366	planet	n
1367	location	n
1368	bird	n
1369	amazing	j
1370	principle	n
1371	promote	v
1372	search	n
1373	nine	m
1374	alive	j
1375	possibility	n
1376	sky	n
1377	otherwise	r
1378	remind	v
1379	healthy	j
1380	fit	v
1381	horse	n
1382	advantage	n
1383	commercial	j
1384	steal	v
1385	basis	n
1386	context	n
1387	highly	r
1388	christmas	n
1389	strength	n
1390	move	n
1391	monday	n
1392	mean	n
1393	alone	j
1394	beach	n
1395	survey	n
1396	writing	n
1397	master	n
1398	cry	v
1399	scale	n
1400	resident	n
1401	football	n
1402	sweet	j
1403	failure	n
1404	reporter	n
1405	commit	v
1406	fight	n
1407	one	n
1408	associate	v
1409	vision	n
1410	function	n
1411	truly	r
1412	sick	j
1413	average	j
1414	human	n
1415	stupid	j
1416	will	n
1417	chinese	j
1418	connection	n
1419	camp	n
1420	stone	n
1421	hundred	n
1422	key	n
1423	truck	n
1424	afternoon	n
1425	responsible	j
1426	secretary	n
1427	apparently	r
1428	smart	j
1429	southern	j
1430	totally	r
1431	western	j
1432	collect	v
1433	conflict	n
1434	burn	v
1435	learning	n
1436	wake	v
1437	contribute	v
1438	ride	v
1439	british	j
1440	following	j
1441	order	v
1442	share	n
1443	newspaper	n
1444	foundation	n
1445	variety	n
1446	perspective	n
1447	document	n
1448	presence	n
1449	stare	v
1450	lesson	n
1451	limit	v
1452	appreciate	v
1453	complete	j
1454	observe	v
1455	currently	r
1456	hundred	m
1457	fun	j
1458	crowd	n
1459	attack	v
1460	apartment	n
1461	survive	v
1462	guest	n
1463	soul	n
1464	protection	n
1465	intelligence	n
1466	yesterday	r
1467	somewhere	r
1468	border	n
1469	reading	n
1470	terms	i
1471	leadership	n
1472	present	j
1473	chief	n
1474	attitude	n
1475	start	n
1476	um	u
1477	deny	v
1478	website	n
1479	seriously	r
1480	actual	j
1481	recall	v
1482	fix	v
1483	negative	j
1484	connect	v
1485	distance	n
1486	regular	j
1487	climate	n
1488	relation	n
1489	flight	n
1490	dangerous	j
1491	boat	n
1492	aspect	n
1493	grab	v
1494	until	i
1495	favorite	j
1496	like	r
1497	january	n
1498	independent	j
1499	volume	n
1500	am	r
1501	lots	p
1502	front	j
1503	online	j
1504	theater	n
1505	speed	n
1506	aware	j
1507	identity	n
1508	demand	n
1509	extra	j
1510	charge	v
1511	guard	n
1512	demonstrate	v
1513	fully	r
1514	tuesday	n
1515	facility	n
1516	farm	n
1517	mind	v
1518	fun	n
1519	thousand	m
1520	august	n
1521	hire	v
1522	light	j
1523	link	n
1524	shoe	n
1525	institute	n
1526	below	r
1527	living	n
1528	european	j
1529	quarter	n
1530	basically	r
1531	forest	n
1532	multiple	j
1533	poll	n
1534	wild	j
1535	measure	v
1536	twice	r
1537	cross	v
1538	background	n
1539	settle	v
1540	winter	n
1541	focus	n
1542	presidential	j
1543	operate	v
1544	fuck	v
1545	view	v
1546	daily	j
1547	shop	n
1548	above	r
1549	division	n
1550	slowly	r
1551	advice	n
1552	reaction	n
1553	injury	n
1554	it	n
1555	ticket	n
1556	grade	n
1557	wow	u
1558	birth	n
1559	painting	n
1560	outcome	n
1561	enemy	n
1562	damage	n
1563	being	n
1564	storm	n
1565	shape	n
1566	bowl	n
1567	commission	n
1568	captain	n
1569	ear	n
1570	troop	n
1571	female	j
1572	wood	n
1573	warm	j
1574	clean	j
1575	lead	n
1576	minister	n
1577	neighbor	n
1578	tiny	j
1579	mental	j
1580	software	n
1581	glad	j
1582	finding	n
1583	lord	n
1584	drive	n
1585	temperature	n
1586	quiet	j
1587	spread	v
1588	bright	j
1589	cut	n
1590	influence	n
1591	kick	v
1592	annual	j
1593	procedure	n
1594	respect	n
1595	wave	n
1596	tradition	n
1597	threaten	v
1598	primary	j
1599	strange	j
1600	actor	n
1601	blame	v
1602	active	j
1603	cat	n
1604	depend	v
1605	bus	n
1606	clothes	n
1607	affair	n
1608	contact	n
1609	category	n
1610	topic	n
1611	victory	n
1612	direct	j
1613	towards	i
1614	map	n
1615	egg	n
1616	ensure	v
1617	general	n
1618	expression	n
1619	past	i
1620	session	n
1621	competition	n
1622	possibly	r
1623	technique	n
1624	mine	p
1625	average	n
1626	intend	v
1627	impossible	j
1628	moral	j
1629	academic	j
1630	wine	n
1631	approach	v
1632	somehow	r
1633	gather	v
1634	scientific	j
1635	african	j
1636	cook	v
1637	participate	v
1638	gay	j
1639	appropriate	j
1640	youth	n
1641	dress	v
1642	straight	r
1643	weather	n
1644	recommend	v
1645	medicine	n
1646	novel	n
1647	obvious	j
1648	thursday	n
1649	exchange	n
1650	explore	v
1651	extend	v
1652	bay	n
1653	invite	v
1654	tie	v
1655	ah	u
1656	belong	v
1657	obtain	v
1658	broad	j
1659	conclusion	n
1660	progress	n
1661	surprise	n
1662	assessment	n
1663	smile	n
1664	feature	v
1665	cash	n
1666	defend	v
1667	pound	n
1668	correct	j
1669	married	j
1670	pair	n
1671	slightly	r
1672	loan	n
1673	village	n
1674	half	n
1675	suit	n
1676	demand	v
1677	historical	j
1678	meaning	n
1679	attempt	v
1680	supply	n
1681	lift	v
1682	ourselves	p
1683	honey	n
1684	bone	n
1685	consequence	n
1686	unique	j
1687	next	i
1688	regulation	n
1689	award	n
1690	bottom	n
1691	excuse	v
1692	familiar	j
1693	classroom	n
1694	search	v
1695	reference	n
1696	emerge	v
1697	long	c
1698	lunch	n
1699	judge	v
1700	ad	n
1701	desire	n
1702	instruction	n
1703	emergency	n
1704	thinking	n
1705	tour	n
1706	french	j
1707	combine	v
1708	moon	n
1709	sad	j
1710	address	n
1711	december	n
1712	anywhere	r
1713	chicken	n
1714	fuel	n
1715	train	v
1716	abuse	n
1717	construction	n
1718	wednesday	n
1719	link	v
1720	deserve	v
1721	famous	j
1722	intervention	n
1723	grand	j
1724	visit	n
1725	confirm	v
1726	lucky	j
1727	insist	v
1728	coast	n
1729	proud	j
1730	cover	n
1731	fourth	m
1732	cop	n
1733	angry	j
1734	native	j
1735	supreme	j
1736	baseball	n
1737	but	i
1738	email	n
1739	accident	n
1740	front	n
1741	duty	n
1742	growing	j
1743	struggle	v
1744	revenue	n
1745	expand	v
1746	chief	j
1747	launch	v
1748	trend	n
1749	ring	n
1750	repeat	v
1751	breath	n
1752	inch	n
1753	neck	n
1754	core	n
1755	terrible	j
1756	billion	n
1757	relatively	r
1758	complex	j
1759	press	v
1760	miss	n
1761	slow	j
1762	soft	j
1763	generate	v
1764	extremely	r
1765	last	v
1766	drink	n
1767	forever	r
1768	corporate	j
1769	deep	r
1770	prefer	v
1771	except	c
1772	cheap	j
1773	literature	n
1774	direct	v
1775	mayor	n
1776	male	j
1777	importance	n
1778	record	v
1779	danger	n
1780	emotional	j
1781	knee	n
1782	ass	n
1783	capture	v
1784	traffic	n
1785	fucking	j
1786	outside	r
1787	now	c
1788	train	n
1789	plate	n
1790	equipment	n
1791	select	v
1792	file	v
1793	studio	n
1794	expensive	j
1795	secret	n
1796	engine	n
1797	adopt	v
1798	luck	n
1799	via	i
1800	pm	r
1801	panel	n
1802	hero	n
1803	circle	n
1804	critic	n
1805	solve	v
1806	busy	j
1807	episode	n
1808	back	v
1809	check	n
1810	requirement	n
1811	politician	n
1812	rain	n
1813	colleague	n
1814	disappear	v
1815	beer	n
1816	predict	v
1817	exercise	n
1818	tired	j
1819	democracy	n
1820	ultimately	r
1821	setting	n
1822	honor	n
1823	works	n
1824	unfortunately	r
1825	theme	n
1826	issue	v
1827	male	n
1828	clean	v
1829	united	j
1830	pool	n
1831	educational	j
1832	empty	j
1833	comfortable	j
1834	investigate	v
1835	useful	j
1836	pocket	n
1837	digital	j
1838	plenty	p
1839	entirely	r
1840	fear	v
1841	afford	v
1842	sugar	n
1843	teaching	n
1844	conservative	j
1845	chairman	n
1846	error	n
1847	bridge	n
1848	tall	j
1849	specifically	r
1850	flower	n
1851	though	r
1852	universe	n
1853	live	j
1854	acknowledge	v
1855	limit	n
1856	coverage	n
1857	crew	n
1858	locate	v
1859	balance	n
1860	equal	j
1861	lip	n
1862	lean	v
1863	zone	n
1864	wedding	n
1865	copy	n
1866	score	v
1867	joke	n
1868	used	j
1869	clear	v
1870	bear	v
1871	meal	n
1872	review	v
1873	minority	n
1874	sight	n
1875	sleep	n
1876	russian	j
1877	dress	n
1878	release	n
1879	soviet	j
1880	profit	n
1881	challenge	v
1882	careful	j
1883	gender	n
1884	tape	n
1885	ocean	n
1886	unidentified	j
1887	host	n
1888	grant	v
1889	circumstance	n
1890	late	r
1891	boss	n
1892	declare	v
1893	domestic	j
1894	tea	n
1895	organize	v
1896	english	j
1897	neither	r
1898	either	d
1899	official	j
1900	surround	v
1901	manner	n
1902	surprised	j
1903	percentage	n
1904	massive	j
1905	cloud	n
1906	winner	n
1907	honest	j
1908	standard	j
1909	propose	v
1910	rely	v
1911	plus	i
1912	sentence	n
1913	request	n
1914	appearance	n
1915	regarding	i
1916	excellent	j
1917	criminal	j
1918	salt	n
1919	beauty	n
1920	bottle	n
1921	component	n
1922	under	r
1923	fee	n
1924	jewish	j
1925	yours	p
1926	dry	j
1927	dance	n
1928	shirt	n
1929	tip	n
1930	plastic	n
1931	indian	j
1932	mark	v
1933	tooth	n
1934	meat	n
1935	stress	n
1936	illegal	j
1937	significantly	r
1938	february	n
1939	constitution	n
1940	definition	n
1941	uncle	n
1942	metal	n
1943	album	n
1944	self	n
1945	suppose	v
1946	investor	n
1947	fruit	n
1948	holy	j
1949	desk	n
1950	eastern	j
1951	valley	n
1952	largely	r
1953	abortion	n
1954	chapter	n
1955	commitment	n
1956	celebrate	v
1957	arrest	v
1958	dance	v
1959	prime	j
1960	urban	j
1961	internal	j
1962	bother	v
1963	proposal	n
1964	shift	v
1965	capacity	n
1966	guilty	j
1967	warn	v
1968	influence	v
1969	weak	j
1970	except	i
1971	catholic	j
1972	nose	n
1973	variable	n
1974	convention	n
1975	jury	n
1976	root	n
1977	incident	n
1978	climb	v
1979	hearing	n
1980	everywhere	r
1981	payment	n
1982	bear	n
1983	conclude	v
1984	scream	v
1985	surgery	n
1986	shadow	n
1987	witness	n
1988	increasingly	r
1989	chest	n
1990	amendment	n
1991	paint	v
1992	secret	j
1993	complain	v
1994	extent	n
1995	pleasure	n
1996	nod	v
1997	holiday	n
1998	super	j
1999	talent	n
2000	necessarily	r
2001	liberal	j
2002	expectation	n
2003	ride	n
2004	accuse	v
2005	knock	v
2006	previously	r
2007	wing	n
2008	corporation	n
2009	sector	n
2010	fat	n
2011	experiment	n
2012	match	v
2013	thin	j
2014	farmer	n
2015	rare	j
2016	english	n
2017	confidence	n
2018	bunch	n
2019	bet	v
2020	cite	v
2021	northern	j
2022	speaker	n
2023	breast	n
2024	contribution	n
2025	leaf	n
2026	creative	j
2027	interaction	n
2028	hat	n
2029	doubt	n
2030	promise	n
2031	pursue	v
2032	overall	j
2033	nurse	n
2034	question	v
2035	long-term	j
2036	gene	n
2037	package	n
2038	weird	j
2039	difficulty	n
2040	hardly	r
2041	daddy	n
2042	estimate	v
2043	list	v
2044	era	n
2045	comment	v
2046	aid	n
2047	vs	i
2048	invest	v
2049	personally	r
2050	notion	n
2051	explanation	n
2052	airport	n
2053	chain	n
2054	expose	v
2055	lock	v
2056	convince	v
2057	channel	n
2058	carefully	r
2059	tear	n
2060	estate	n
2061	initial	j
2062	offer	n
2063	purchase	v
2064	guide	n
2065	forth	r
2066	his	p
2067	bond	n
2068	birthday	n
2069	travel	n
2070	pray	v
2071	improvement	n
2072	ancient	j
2073	ought	v
2074	escape	v
2075	trail	n
2076	brown	j
2077	fashion	n
2078	length	n
2079	sheet	n
2080	funding	n
2081	meanwhile	r
2082	fault	n
2083	barely	r
2084	eliminate	v
2085	motion	n
2086	essential	j
2087	apart	r
2088	combination	n
2089	limited	j
2090	description	n
2091	mix	v
2092	snow	n
2093	implement	v
2094	pretty	j
2095	proper	j
2096	part	r
2097	marketing	n
2098	approve	v
2099	other	i
2100	bomb	n
2101	slip	v
2102	regional	j
2103	lack	v
2104	muscle	n
2105	contact	v
2106	rise	n
2107	FALSE	j
2108	likely	r
2109	creation	n
2110	typically	r
2111	spending	n
2112	instrument	n
2113	mass	n
2114	far	c
2115	thick	j
2116	kiss	v
2117	increased	j
2118	inspire	v
2119	separate	j
2120	noise	n
2121	yellow	j
2122	aim	v
2123	e-mail	n
2124	cycle	n
2125	signal	n
2126	app	n
2127	golden	j
2128	reject	v
2129	inform	v
2130	perception	n
2131	visitor	n
2132	cast	v
2133	contrast	n
2134	judgment	n
2135	mean	j
2136	rest	v
2137	representative	n
2138	pass	n
2139	regime	n
2140	merely	r
2141	producer	n
2142	whoa	u
2143	route	n
2144	lie	n
2145	typical	j
2146	analyst	n
2147	account	v
2148	elect	v
2149	smell	v
2150	female	n
2151	living	j
2152	disability	n
2153	comparison	n
2154	hand	v
2155	rating	n
2156	campus	n
2157	assess	v
2158	solid	j
2159	branch	n
2160	mad	j
2161	somewhat	r
2162	gentleman	n
2163	opposition	n
2164	fast	j
2165	suspect	v
2166	land	v
2167	hit	n
2168	aside	r
2169	athlete	n
2170	opening	n
2171	prayer	n
2172	frequently	r
2173	employ	v
2174	basketball	n
2175	existing	j
2176	revolution	n
2177	click	v
2178	emotion	n
2179	fuck	n
2180	platform	n
2181	behind	r
2182	frame	n
2183	appeal	n
2184	quote	v
2185	potential	n
2186	struggle	n
2187	brand	n
2188	enable	v
2189	legislation	n
2190	addition	i
2191	lab	n
2192	oppose	v
2193	row	n
2194	immigration	n
2195	asset	n
2196	observation	n
2197	online	r
2198	taste	n
2199	decline	v
2200	attract	v
2201	ha	u
2202	for	c
2203	household	n
2204	separate	v
2205	breathe	v
2206	existence	n
2207	mirror	n
2208	pilot	n
2209	stand	n
2210	relief	n
2211	milk	n
2212	warning	n
2213	heaven	n
2214	flow	n
2215	literally	r
2216	quit	v
2217	calorie	n
2218	seed	n
2219	vast	j
2220	bike	n
2221	german	j
2222	employer	n
2223	drag	v
2224	technical	j
2225	disaster	n
2226	display	v
2227	sale	n
2228	bathroom	n
2229	succeed	v
2230	consistent	j
2231	agenda	n
2232	enforcement	n
2233	diet	n
2234	mark	n
2235	silence	n
2236	journalist	n
2237	bible	n
2238	queen	n
2239	divide	v
2240	expense	n
2241	cream	n
2242	exposure	n
2243	priority	n
2244	soil	n
2245	angel	n
2246	journey	n
2247	trust	n
2248	relevant	j
2249	tank	n
2250	cheese	n
2251	schedule	n
2252	bedroom	n
2253	tone	n
2254	selection	n
2255	date	v
2256	perfectly	r
2257	wheel	n
2258	gap	n
2259	veteran	n
2260	below	i
2261	disagree	v
2262	characteristic	n
2263	protein	n
2264	resolution	n
2265	whole	n
2266	regard	v
2267	fewer	d
2268	engineer	n
2269	walk	n
2270	dish	n
2271	waste	n
2272	print	n
2273	depression	n
2274	dude	n
2275	fat	j
2276	present	n
2277	upper	j
2278	wrap	v
2279	ceo	n
2280	visual	j
2281	initiative	n
2282	rush	v
2283	gate	n
2284	slow	v
2285	whenever	r
2286	entry	n
2287	japanese	j
2288	gray	j
2289	assistance	n
2290	height	n
2291	compete	v
2292	rule	v
2293	due	j
2294	essentially	r
2295	benefit	v
2296	phase	n
2297	conservative	n
2298	recover	v
2299	criticism	n
2300	faculty	n
2301	achievement	n
2302	alcohol	n
2303	therapy	n
2304	offense	n
2305	touch	n
2306	killer	n
2307	personality	n
2308	landscape	n
2309	deeply	r
2310	reasonable	j
2311	soon	c
2312	suck	v
2313	transition	n
2314	fairly	r
2315	column	n
2316	wash	v
2317	button	n
2318	opponent	n
2319	pour	v
2320	immigrant	n
2321	first	r
2322	distribution	n
2323	golf	n
2324	pregnant	j
2325	unable	j
2326	alternative	n
2327	favorite	n
2328	stop	n
2329	violent	j
2330	portion	n
2331	acquire	v
2332	suicide	n
2333	stretch	v
2334	deficit	n
2335	symptom	n
2336	solar	j
2337	complaint	n
2338	capable	j
2339	analyze	v
2340	scared	j
2341	supporter	n
2342	dig	v
2343	twenty	m
2344	pretend	v
2345	philosophy	n
2346	childhood	n
2347	lower	v
2348	well	n
2349	outside	j
2350	dark	n
2351	wealth	n
2352	welfare	n
2353	poverty	n
2354	prosecutor	n
2355	spiritual	j
2356	double	j
2357	evaluate	v
2358	mass	j
2359	israeli	j
2360	shift	n
2361	reply	v
2362	buck	n
2363	display	n
2364	knife	n
2365	round	n
2366	tech	n
2367	detective	n
2368	pack	v
2369	disorder	n
2370	creature	n
2371	tear	v
2372	closely	r
2373	industrial	j
2374	housing	n
2375	watch	n
2376	chip	n
2377	regardless	r
2378	numerous	j
2379	tie	n
2380	range	v
2381	command	n
2382	shooting	n
2383	dozen	m
2384	pop	v
2385	layer	n
2386	bread	n
2387	exception	n
2388	passion	n
2389	block	v
2390	highway	n
2391	pure	j
2392	commander	n
2393	extreme	j
2394	publication	n
2395	vice	j
2396	fellow	j
2397	win	n
2398	mystery	n
2399	championship	n
2400	install	v
2401	tale	n
2402	liberty	n
2403	host	v
2404	beneath	i
2405	passenger	n
2406	physician	n
2407	graduate	n
2408	sharp	j
2409	substance	n
2410	atmosphere	n
2411	stir	v
2412	muslim	j
2413	passage	n
2414	pepper	n
2415	emphasize	v
2416	cable	n
2417	square	n
2418	recipe	n
2419	load	v
2420	beside	i
2421	roof	n
2422	vegetable	n
2423	accomplish	v
2424	silent	j
2425	habit	n
2426	discovery	n
2427	total	n
2428	recovery	n
2429	dna	n
2430	gain	n
2431	territory	n
2432	girlfriend	n
2433	consist	v
2434	straight	j
2435	surely	r
2436	proof	n
2437	nervous	j
2438	immediate	j
2439	parking	n
2440	sin	n
2441	unusual	j
2442	rice	n
2443	engineering	n
2444	advance	n
2445	interview	v
2446	bury	v
2447	still	j
2448	cake	n
2449	anonymous	j
2450	flag	n
2451	contemporary	j
2452	good	n
2453	jail	n
2454	rural	j
2455	match	n
2456	coach	v
2457	interpretation	n
2458	wage	n
2459	breakfast	n
2460	severe	j
2461	profile	n
2462	saving	n
2463	brief	j
2464	adjust	v
2465	reduction	n
2466	constantly	r
2467	assist	v
2468	bitch	n
2469	constant	j
2470	permit	v
2471	primarily	r
2472	entertainment	n
2473	shout	v
2474	academy	n
2475	teaspoon	n
2476	dream	v
2477	transfer	v
2478	usual	j
2479	ally	n
2480	clinical	j
2481	count	n
2482	swear	v
2483	avenue	n
2484	priest	n
2485	employment	n
2486	waste	v
2487	relax	v
2488	owe	v
2489	transform	v
2490	grass	n
2491	narrow	j
2492	ethnic	j
2493	scholar	n
2494	edition	n
2495	abandon	v
2496	practical	j
2497	infection	n
2498	musical	j
2499	suggestion	n
2500	resistance	n
2501	smoke	v
2502	prince	n
2503	illness	n
2504	embrace	v
2505	trade	v
2506	republic	n
2507	volunteer	n
2508	target	v
2509	general	r
2510	evaluation	n
2511	mine	n
2512	opposite	j
2513	awesome	j
2514	switch	v
2515	black	n
2516	iraqi	j
2517	iron	n
2518	perceive	v
2519	fundamental	j
2520	phrase	n
2521	assumption	n
2522	sand	n
2523	designer	n
2524	planning	n
2525	leading	j
2526	mode	n
2527	track	v
2528	respect	v
2529	widely	r
2530	occasion	n
2531	pose	v
2532	approximately	r
2533	retire	v
2534	elsewhere	r
2535	festival	n
2536	cap	n
2537	secure	v
2538	attach	v
2539	mechanism	n
2540	intention	n
2541	scenario	n
2542	yell	v
2543	incredible	j
2544	spanish	j
2545	strongly	r
2546	racial	j
2547	transportation	n
2548	pot	n
2549	boyfriend	n
2550	consideration	n
2551	prior	i
2552	retirement	n
2553	rarely	r
2554	joint	j
2555	doubt	v
2556	preserve	v
2557	enormous	j
2558	cigarette	n
2559	factory	n
2560	valuable	j
2561	clip	n
2562	electric	j
2563	giant	n
2564	slave	n
2565	submit	v
2566	effectively	r
2567	christian	n
2568	monitor	v
2569	wonder	n
2570	resolve	v
2571	remaining	j
2572	participation	n
2573	stream	n
2574	rid	v
2575	origin	n
2576	teen	n
2577	particular	r
2578	congressional	j
2579	bind	v
2580	coat	n
2581	tower	n
2582	license	n
2583	twitter	n
2584	impose	v
2585	innocent	j
2586	curriculum	n
2587	mail	n
2588	estimate	n
2589	insight	n
2590	investigator	n
2591	virus	n
2592	hurricane	n
2593	accurate	j
2594	provision	n
2595	strike	n
2596	communicate	v
2597	cross	n
2598	vary	v
2599	jacket	n
2600	increasing	j
2601	green	n
2602	equally	r
2603	pay	n
2604	in	c
2605	light	v
2606	implication	n
2607	fiction	n
2608	protest	n
2609	mama	n
2610	imply	v
2611	twin	n
2612	pant	n
2613	another	p
2614	ahead	i
2615	bend	v
2616	shock	n
2617	exercise	v
2618	criteria	n
2619	arab	j
2620	dirty	j
2621	ring	v
2622	toy	n
2623	potentially	r
2624	assault	n
2625	peak	n
2626	anger	n
2627	boot	n
2628	dramatic	j
2629	peer	n
2630	enhance	v
2631	math	n
2632	slide	v
2633	favor	n
2634	pink	j
2635	dust	n
2636	aunt	n
2637	lost	j
2638	prospect	n
2639	mood	n
2640	mm-hmm	u
2641	settlement	n
2642	rather	c
2643	justify	v
2644	depth	n
2645	juice	n
2646	formal	j
2647	virtually	r
2648	gallery	n
2649	tension	n
2650	throat	n
2651	draft	n
2652	reputation	n
2653	index	n
2654	normally	r
2655	mess	n
2656	joy	n
2657	steel	n
2658	motor	n
2659	enterprise	n
2660	salary	n
2661	moreover	r
2662	giant	j
2663	cousin	n
2664	ordinary	j
2665	graduate	v
2666	dozen	n
2667	evolution	n
2668	so-called	j
2669	helpful	j
2670	competitive	j
2671	lovely	j
2672	fishing	n
2673	anxiety	n
2674	professional	n
2675	carbon	n
2676	essay	n
2677	islamic	j
2678	honor	v
2679	drama	n
2680	odd	j
2681	evil	j
2682	stranger	n
2683	belt	n
2684	urge	v
2685	toss	v
2686	fifth	m
2687	formula	n
2688	potato	n
2689	monster	n
2690	smoke	n
2691	telephone	n
2692	rape	n
2693	palm	n
2694	jet	n
2695	navy	n
2696	excited	j
2697	plot	n
2698	angle	n
2699	criticize	v
2700	prisoner	n
2701	discipline	n
2702	negotiation	n
2703	damn	j
2704	butter	n
2705	desert	n
2706	complicated	j
2707	prize	n
2708	blind	j
2709	assign	v
2710	bullet	n
2711	awareness	n
2712	sequence	n
2713	illustrate	v
2714	drop	n
2715	pack	n
2716	provider	n
2717	fucking	r
2718	minor	j
2719	activist	n
2720	poem	n
2721	vacation	n
2722	weigh	v
2723	gang	n
2724	privacy	n
2725	clock	n
2726	arrange	v
2727	penalty	n
2728	stomach	n
2729	concert	n
2730	originally	r
2731	statistics	n
2732	electronic	j
2733	properly	r
2734	bureau	n
2735	wolf	n
2736	and/or	c
2737	classic	j
2738	recommendation	n
2739	exciting	j
2740	maker	n
2741	dear	j
2742	impression	n
2743	broken	j
2744	battery	n
2745	narrative	n
2746	process	v
2747	arise	v
2748	kid	v
2749	sake	n
2750	delivery	n
2751	forgive	v
2752	visible	j
2753	heavily	r
2754	junior	j
2755	rep	n
2756	diversity	n
2757	string	n
2758	lawsuit	n
2759	latter	d
2760	cute	j
2761	deputy	n
2762	restore	v
2763	buddy	n
2764	psychological	j
2765	besides	r
2766	intense	j
2767	friendly	j
2768	evil	n
2769	lane	n
2770	hungry	j
2771	bean	n
2772	sauce	n
2773	print	v
2774	dominate	v
2775	testing	n
2776	trick	n
2777	fantasy	n
2778	absence	n
2779	offensive	j
2780	symbol	n
2781	recognition	n
2782	detect	v
2783	tablespoon	n
2784	construct	v
2785	hmm	u
2786	arrest	n
2787	approval	n
2788	aids	n
2789	whereas	c
2790	defensive	j
2791	independence	n
2792	apologize	v
2793	top	i
2794	asian	j
2795	rose	n
2796	ghost	n
2797	involvement	n
2798	permanent	j
2799	wire	n
2800	whisper	v
2801	mouse	n
2802	airline	n
2803	founder	n
2804	objective	n
2805	nowhere	r
2806	alternative	j
2807	phenomenon	n
2808	evolve	v
2809	not	c
2810	exact	j
2811	silver	n
2812	cent	n
2813	universal	j
2814	teenager	n
2815	crucial	j
2816	viewer	n
2817	schedule	v
2818	ridiculous	j
2819	chocolate	n
2820	sensitive	j
2821	bottom	j
2822	grandmother	n
2823	missile	n
2824	roughly	r
2825	constitutional	j
2826	adventure	n
2827	genetic	j
2828	advance	v
2829	related	j
2830	swing	v
2831	ultimate	j
2832	manufacturer	n
2833	unknown	j
2834	wipe	v
2835	crop	n
2836	survival	n
2837	line	v
2838	dimension	n
2839	resist	v
2840	request	v
2841	roll	n
2842	shape	v
2843	darkness	n
2844	guarantee	v
2845	historic	j
2846	educator	n
2847	rough	j
2848	personnel	n
2849	race	v
2850	confront	v
2851	terrorist	n
2852	royal	j
2853	elite	n
2854	occupy	v
2855	emphasis	n
2856	wet	j
2857	destruction	n
2858	raw	j
2859	inner	j
2860	proceed	v
2861	violate	v
2862	chart	n
2863	pace	n
2864	finance	n
2865	champion	n
2866	snap	v
2867	suspect	n
2868	advise	v
2869	initially	r
2870	advanced	j
2871	unlikely	j
2872	barrier	n
2873	advocate	n
2874	label	n
2875	access	v
2876	horrible	j
2877	burden	n
2878	violation	n
2879	unlike	i
2880	idiot	n
2881	lifetime	n
2882	working	j
2883	fund	v
2884	ongoing	j
2885	react	v
2886	routine	n
2887	presentation	n
2888	supply	v
2889	gear	n
2890	photograph	v
2891	mexican	j
2892	stadium	n
2893	translate	v
2894	mortgage	n
2895	sheriff	n
2896	clinic	n
2897	spin	v
2898	coalition	n
2899	naturally	r
2900	hopefully	r
2901	mix	n
2902	menu	n
2903	smooth	j
2904	advertising	n
2905	interpret	v
2906	plant	v
2907	dismiss	v
2908	muslim	n
2909	apparent	j
2910	arrangement	n
2911	incorporate	v
2912	split	v
2913	brilliant	j
2914	storage	n
2915	framework	n
2916	honestly	r
2917	chase	v
2918	sigh	v
2919	assure	v
2920	utility	n
2921	taste	v
2922	aggressive	j
2923	cookie	n
2924	terror	n
2925	free	v
2926	worth	n
2927	wealthy	j
2928	update	v
2929	forum	n
2930	alliance	n
2931	possess	v
2932	empire	n
2933	curious	j
2934	corn	n
2935	neither	d
2936	calculate	v
2937	hurry	v
2938	testimony	n
2939	elementary	j
2940	transfer	n
2941	stake	n
2942	precisely	r
2943	bite	v
2944	given	j
2945	substantial	j
2946	depending	i
2947	glance	v
2948	tissue	n
2949	concentration	n
2950	developer	n
2951	found	v
2952	ballot	n
2953	consume	v
2954	overcome	v
2955	biological	j
2956	chamber	n
2957	similarly	r
2958	stick	n
2959	dare	v
2960	developing	j
2961	tiger	n
2962	ratio	n
2963	lover	n
2964	expansion	n
2965	encounter	v
2966	occasionally	r
2967	unemployment	n
2968	pet	n
2969	awful	j
2970	laboratory	n
2971	administrator	n
2972	wind	v
2973	quarterback	n
2974	rocket	n
2975	preparation	n
2976	relative	n
2977	confident	j
2978	strategic	j
2979	marine	j
2980	quote	n
2981	publisher	n
2982	innovation	n
2983	highlight	v
2984	nut	n
2985	fighter	n
2986	rank	n
2987	electricity	n
2988	instance	n
2989	fortune	n
2990	freeze	v
2991	variation	n
2992	armed	j
2993	negotiate	v
2994	laughter	n
2995	wisdom	n
2996	correspondent	n
2997	mixture	n
2998	murder	v
2999	assistant	n
3000	retain	v
3001	tomato	n
3002	indian	n
3003	testify	v
3004	ingredient	n
3005	since	r
3006	galaxy	n
3007	qualify	v
3008	scheme	n
3009	gop	n
3010	shame	n
3011	concentrate	v
3012	contest	n
3013	introduction	n
3014	boundary	n
3015	tube	n
3016	versus	i
3017	chef	n
3018	regularly	r
3019	ugly	j
3020	screw	v
3021	load	n
3022	tongue	n
3023	palestinian	j
3024	fiscal	j
3025	creek	n
3026	hip	n
3027	accompany	v
3028	decline	n
3029	terrorism	n
3030	respondent	n
3031	narrator	n
3032	voting	n
3033	refugee	n
3034	assembly	n
3035	fraud	n
3036	limitation	n
3037	house	v
3038	partnership	n
3039	store	v
3040	crash	n
3041	surprise	v
3042	representation	n
3043	hold	n
3044	ministry	n
3045	flat	j
3046	wise	j
3047	witness	v
3048	excuse	n
3049	register	v
3050	comedy	n
3051	purchase	n
3052	tap	v
3053	infrastructure	n
3054	organic	j
3055	islam	n
3056	diverse	j
3057	favor	v
3058	intellectual	j
3059	tight	j
3060	port	n
3061	fate	n
3062	market	v
3063	absolute	j
3064	dialogue	n
3065	plus	n
3066	frequency	n
3067	tribe	n
3068	external	j
3069	appointment	n
3070	convert	v
3071	surprising	j
3072	mobile	j
3073	establishment	n
3074	worried	j
3075	bye	u
3076	shopping	n
3077	celebrity	n
3078	congressman	n
3079	impress	v
3080	taxpayer	n
3081	adapt	v
3082	publicly	r
3083	pride	n
3084	clothing	n
3085	rapidly	r
3086	domain	n
3087	mainly	r
3088	ceiling	n
3089	alter	v
3090	shelter	n
3091	random	j
3092	obligation	n
3093	shower	n
3094	beg	v
3095	asleep	j
3096	musician	n
3097	extraordinary	j
3098	dirt	n
3099	pc	n
3100	bell	n
3101	smell	n
3102	damage	v
3103	ceremony	n
3104	clue	n
3105	guideline	n
3106	comfort	n
3107	near	j
3108	pregnancy	n
3109	borrow	v
3110	conventional	j
3111	tourist	n
3112	incentive	n
3113	custom	n
3114	cheek	n
3115	tournament	n
3116	double	v
3117	satellite	n
3118	nearby	j
3119	comprehensive	j
3120	stable	j
3121	medication	n
3122	script	n
3123	educate	v
3124	efficient	j
3125	risk	v
3126	welcome	j
3127	scare	v
3128	psychology	n
3129	logic	n
3130	economics	n
3131	update	n
3132	nevertheless	r
3133	devil	n
3134	thirty	m
3135	beat	n
3136	charity	n
3137	fiber	n
3138	wave	v
3139	ideal	j
3140	friendship	n
3141	net	n
3142	motivation	n
3143	differently	r
3144	reserve	n
3145	observer	n
3146	humanity	n
3147	survivor	n
3148	fence	n
3149	quietly	r
3150	humor	n
3151	major	n
3152	funeral	n
3153	spokesman	n
3154	extension	n
3155	loose	j
3156	sink	v
3157	historian	n
3158	ruin	v
3159	balance	v
3160	chemical	n
3161	singer	n
3162	drunk	j
3163	swim	v
3164	onion	n
3165	specialist	n
3166	missing	j
3167	white	n
3168	pan	n
3169	distribute	v
3170	silly	j
3171	deck	n
3172	reflection	n
3173	shortly	r
3174	database	n
3175	flow	v
3176	remote	j
3177	permission	n
3178	remarkable	j
3179	everyday	j
3180	lifestyle	n
3181	sweep	v
3182	naked	j
3183	sufficient	j
3184	lion	n
3185	consumption	n
3186	capability	n
3187	practice	v
3188	emission	n
3189	sidebar	n
3190	crap	n
3191	dealer	n
3192	measurement	n
3193	vital	j
3194	impressive	j
3195	bake	v
3196	fantastic	j
3197	adviser	n
3198	yield	v
3199	mere	j
3200	imagination	n
3201	radical	j
3202	tragedy	n
3203	scary	j
3204	consultant	n
3205	correct	v
3206	lieutenant	n
3207	upset	v
3208	attractive	j
3209	acre	n
3210	drawing	n
3211	defeat	v
3212	newly	r
3213	scandal	n
3214	ambassador	n
3215	ooh	u
3216	spot	v
3217	content	j
3218	round	j
3219	bench	n
3220	guide	v
3221	counter	n
3222	chemical	j
3223	odds	n
3224	rat	n
3225	horror	n
3226	appeal	v
3227	vulnerable	j
3228	prevention	n
3229	square	j
3230	segment	n
3231	ban	v
3232	tail	n
3233	constitute	v
3234	badly	r
3235	bless	v
3236	literary	j
3237	magic	j
3238	implementation	n
3239	legitimate	j
3240	slight	j
3241	crash	v
3242	strip	n
3243	desperate	j
3244	distant	j
3245	preference	n
3246	politically	r
3247	feedback	n
3248	health-care	n
3249	criminal	n
3250	can	n
3251	italian	j
3252	detailed	j
3253	buyer	n
3254	wrong	r
3255	cooperation	n
3256	profession	n
3257	incredibly	r
3258	orange	j
3259	killing	n
3260	sue	v
3261	photographer	n
3262	running	j
3263	engagement	n
3264	differ	v
3265	paint	n
3266	pitch	n
3267	extensive	j
3268	salad	n
3269	stair	n
3270	notice	n
3271	grace	n
3272	divorce	n
3273	vessel	n
3274	pig	n
3275	assignment	n
3276	distinction	n
3277	fit	j
3278	circuit	n
3279	acid	n
3280	canadian	j
3281	flee	v
3282	efficiency	n
3283	memorial	n
3284	proposed	j
3285	blue	n
3286	entity	n
3287	iphone	n
3288	punishment	n
3289	pause	v
3290	pill	n
3291	rub	v
3292	romantic	j
3293	myth	n
3294	economist	n
3295	latin	j
3296	decent	j
3297	assistant	j
3298	craft	n
3299	poetry	n
3300	terrorist	j
3301	thread	n
3302	wooden	j
3303	confuse	v
3304	subject	i
3305	privilege	n
3306	coal	n
3307	fool	n
3308	cow	n
3309	characterize	v
3310	pie	n
3311	decrease	v
3312	resort	n
3313	legacy	n
3314	re	i
3315	stress	v
3316	frankly	r
3317	matter	d
3318	cancel	v
3319	derive	v
3320	dumb	j
3321	scope	n
3322	formation	n
3323	grandfather	n
3324	hence	r
3325	wish	n
3326	margin	n
3327	wound	n
3328	exhibition	n
3329	legislature	n
3330	furthermore	r
3331	portrait	n
3332	catholic	n
3333	sustain	v
3334	uniform	n
3335	painful	j
3336	loud	j
3337	miracle	n
3338	harm	n
3339	zero	m
3340	tactic	n
3341	mask	n
3342	calm	v
3343	inflation	n
3344	hunting	n
3345	physically	r
3346	final	n
3347	flesh	n
3348	temporary	j
3349	fellow	n
3350	nerve	n
3351	lung	n
3352	steady	j
3353	headline	n
3354	sudden	j
3355	successfully	r
3356	defendant	n
3357	pole	n
3358	satisfy	v
3359	entrance	n
3360	aircraft	n
3361	withdraw	v
3362	cabinet	n
3363	relative	j
3364	repeatedly	r
3365	happiness	n
3366	admission	n
3367	correlation	n
3368	proportion	n
3369	dispute	n
3370	candy	n
3371	reward	n
3372	counselor	n
3373	recording	n
3374	pile	n
3375	explosion	n
3376	appoint	v
3377	couch	n
3378	cognitive	j
3379	furniture	n
3380	significance	n
3381	grateful	j
3382	magic	n
3383	suit	v
3384	commissioner	n
3385	shelf	n
3386	tremendous	j
3387	warrior	n
3388	physics	n
3389	garage	n
3390	flavor	n
3391	squeeze	v
3392	prominent	j
3393	fifty	m
3394	fade	v
3395	oven	n
3396	satisfaction	n
3397	discrimination	n
3398	recession	n
3399	allegation	n
3400	boom	n
3401	weekly	j
3402	lately	r
3403	restriction	n
3404	diamond	n
3405	document	v
3406	crack	v
3407	conviction	n
3408	heel	n
3409	fake	j
3410	fame	n
3411	shine	v
3412	swing	n
3413	playoff	n
3414	actress	n
3415	cheat	v
3416	format	n
3417	controversy	n
3418	auto	n
3419	grant	n
3420	grocery	n
3421	headquarters	n
3422	rip	v
3423	rank	v
3424	shade	n
3425	regulate	v
3426	meter	n
3427	olympic	j
3428	pipe	n
3429	patient	j
3430	celebration	n
3431	handful	n
3432	copyright	n
3433	dependent	j
3434	signature	n
3435	bishop	n
3436	strengthen	v
3437	soup	n
3438	entitle	v
3439	whoever	p
3440	carrier	n
3441	anniversary	n
3442	pizza	n
3443	ethics	n
3444	legend	n
3445	eagle	n
3446	scholarship	n
3447	crack	n
3448	research	v
3449	membership	n
3450	standing	n
3451	possession	n
3452	treaty	n
3453	partly	r
3454	consciousness	n
3455	manufacturing	n
3456	announcement	n
3457	tire	v
3458	no	d
3459	makeup	n
3460	pop	n
3461	prediction	n
3462	stability	n
3463	trace	v
3464	norm	n
3465	irish	j
3466	genius	n
3467	gently	r
3468	operator	n
3469	mall	n
3470	rumor	n
3471	poet	n
3472	tendency	n
3473	subsequent	j
3474	alien	n
3475	explode	v
3476	cool	v
3477	controversial	j
3478	maintenance	n
3479	courage	n
3480	exceed	v
3481	tight	r
3482	principal	n
3483	vaccine	n
3484	identification	n
3485	sandwich	n
3486	bull	n
3487	lens	n
3488	twelve	m
3489	mainstream	j
3490	presidency	n
3491	integrity	n
3492	distinct	j
3493	intelligent	j
3494	secondary	j
3495	bias	n
3496	hypothesis	n
3497	fifteen	m
3498	nomination	n
3499	delay	n
3500	adjustment	n
3501	sanction	n
3502	render	v
3503	shop	v
3504	acceptable	j
3505	mutual	j
3506	high	r
3507	examination	n
3508	meaningful	j
3509	communist	j
3510	superior	j
3511	currency	n
3512	collective	j
3513	tip	v
3514	flame	n
3515	guitar	n
3516	doctrine	n
3517	palestinian	n
3518	float	v
3519	commerce	n
3520	invent	v
3521	robot	n
3522	rapid	j
3523	plain	j
3524	respectively	r
3525	particle	n
3526	across	r
3527	glove	n
3528	till	c
3529	edit	v
3530	moderate	j
3531	jazz	n
3532	infant	n
3533	summary	n
3534	server	n
3535	leather	n
3536	radiation	n
3537	prompt	v
3538	function	v
3539	composition	n
3540	operating	j
3541	assert	v
3542	case	c
3543	discourse	n
3544	loud	r
3545	dump	v
3546	net	j
3547	wildlife	n
3548	soccer	n
3549	complex	n
3550	mandate	n
3551	monitor	n
3552	downtown	j
3553	nightmare	n
3554	barrel	n
3555	homeless	j
3556	globe	n
3557	uncomfortable	j
3558	execute	v
3559	feel	n
3560	trap	v
3561	gesture	n
3562	pale	j
3563	tent	n
3564	receiver	n
3565	horizon	n
3566	diagnosis	n
3567	considerable	j
3568	gospel	n
3569	automatically	r
3570	fighting	n
3571	stroke	n
3572	wander	v
3573	duck	n
3574	grain	n
3575	beast	n
3576	concern	v
3577	remark	n
3578	fabric	n
3579	civilization	n
3580	warm	v
3581	corruption	n
3582	collapse	n
3583	ma'am	n
3584	greatly	r
3585	workshop	n
3586	inquiry	n
3587	cd	n
3588	admire	v
3589	exclude	v
3590	rifle	n
3591	closet	n
3592	reporting	n
3593	curve	n
3594	patch	n
3595	touchdown	n
3596	experimental	j
3597	earnings	n
3598	hunter	n
3599	fly	n
3600	tunnel	n
3601	corps	n
3602	behave	v
3603	rent	v
3604	german	n
3605	motivate	v
3606	attribute	v
3607	elderly	j
3608	virtual	j
3609	minimum	j
3610	weakness	n
3611	progressive	j
3612	doc	n
3613	medium	n
3614	virtue	n
3615	ounce	n
3616	collapse	v
3617	delay	v
3618	athletic	j
3619	confusion	n
3620	legislative	j
3621	facilitate	v
3622	midnight	n
3623	deer	n
3624	way	r
3625	undergo	v
3626	heritage	n
3627	summit	n
3628	sword	n
3629	telescope	n
3630	donate	v
3631	blade	n
3632	toe	n
3633	agriculture	n
3634	park	v
3635	enforce	v
3636	recruit	v
3637	favor	i
3638	dose	n
3639	concerning	i
3640	integrate	v
3641	rate	v
3642	pitch	v
3643	prescription	n
3644	retail	j
3645	adoption	n
3646	monthly	j
3647	deadly	j
3648	grave	n
3649	rope	n
3650	reliable	j
3651	label	v
3652	transaction	n
3653	lawn	n
3654	consistently	r
3655	mount	v
3656	bubble	n
3657	briefly	r
3658	absorb	v
3659	princess	n
3660	log	n
3661	blanket	n
3662	laugh	n
3663	kingdom	n
3664	anticipate	v
3665	bug	n
3666	primary	n
3667	dedicate	v
3668	nominee	n
3669	transformation	n
3670	temple	n
3671	sense	v
3672	arrival	n
3673	frustration	n
3674	changing	j
3675	demonstration	n
3676	pollution	n
3677	poster	n
3678	nail	n
3679	nonprofit	j
3680	cry	n
3681	guidance	n
3682	exhibit	v
3683	pen	n
3684	interrupt	v
3685	lemon	n
3686	bankruptcy	n
3687	resign	v
3688	dominant	j
3689	invasion	n
3690	sacred	j
3691	replacement	n
3692	portray	v
3693	hunt	v
3694	distinguish	v
3695	melt	v
3696	consensus	n
3697	kiss	n
3698	french	n
3699	hardware	n
3700	rail	n
3701	cold	n
3702	mate	n
3703	dry	v
3704	korean	j
3705	cabin	n
3706	dining	n
3707	liberal	n
3708	snake	n
3709	tobacco	n
3710	orientation	n
3711	trigger	v
3712	wherever	r
3713	seize	v
3714	abuse	v
3715	mess	v
3716	punish	v
3717	sexy	j
3718	depict	v
3719	input	n
3720	seemingly	r
3721	widespread	j
3722	competitor	n
3723	flip	v
3724	freshman	n
3725	donation	n
3726	administrative	j
3727	donor	n
3728	gradually	r
3729	overlook	v
3730	toilet	n
3731	pleased	j
3732	resemble	v
3733	ideology	n
3734	glory	n
3735	maximum	j
3736	organ	n
3737	skip	v
3738	starting	n
3739	brush	v
3740	brick	n
3741	gut	n
3742	reservation	n
3743	rebel	n
3744	disappointed	j
3745	oak	n
3746	valid	j
3747	instructor	n
3748	rescue	v
3749	racism	n
3750	pension	n
3751	diabetes	n
3752	overall	r
3753	cluster	n
3754	eager	j
3755	marijuana	n
3756	combat	n
3757	praise	v
3758	costume	n
3759	sixth	m
3760	frequent	j
3761	inspiration	n
3762	orange	n
3763	concrete	j
3764	cooking	n
3765	conspiracy	n
3766	trait	n
3767	van	n
3768	institutional	j
3769	garlic	n
3770	drinking	n
3771	response	i
3772	crystal	n
3773	stretch	n
3774	pro	n
3775	associate	n
3776	helicopter	n
3777	counsel	n
3778	equation	n
3779	roman	j
3780	sophisticated	j
3781	timing	n
3782	pope	n
3783	opera	n
3784	ethical	j
3785	mount	n
3786	indication	n
3787	motive	n
3788	porch	n
3789	reinforce	v
3790	gaze	n
3791	ours	p
3792	lap	n
3793	written	j
3794	reverse	v
3795	starter	n
3796	injure	v
3797	chronic	j
3798	continued	j
3799	exclusive	j
3800	colonel	n
3801	copy	v
3802	beef	n
3803	abroad	r
3804	thanksgiving	n
3805	intensity	n
3806	desire	v
3807	cave	n
3808	basement	n
3809	associated	j
3810	unlike	j
3811	fascinating	j
3812	interact	v
3813	illustration	n
3814	daily	r
3815	essence	n
3816	container	n
3817	driving	j
3818	stuff	v
3819	dynamic	j
3820	gym	n
3821	bat	n
3822	plead	v
3823	promotion	n
3824	uncertainty	n
3825	ownership	n
3826	officially	r
3827	tag	n
3828	documentary	n
3829	stem	n
3830	flood	n
3831	guilt	n
3832	inside	n
3833	alarm	n
3834	turkey	n
3835	conduct	n
3836	diagnose	v
3837	precious	j
3838	swallow	v
3839	initiate	v
3840	fitness	n
3841	restrict	v
3842	gulf	n
3843	advocate	v
3844	mommy	n
3845	unexpected	j
3846	shrug	v
3847	agricultural	j
3848	sacrifice	n
3849	spectrum	n
3850	dragon	n
3851	bacteria	n
3852	shore	n
3853	pastor	n
3854	cliff	n
3855	ship	v
3856	adequate	j
3857	rape	v
3858	addition	n
3859	tackle	v
3860	occupation	n
3861	compose	v
3862	slice	n
3863	brave	j
3864	military	n
3865	stimulus	n
3866	patent	n
3867	powder	n
3868	harsh	j
3869	chaos	n
3870	kit	n
3871	this	r
3872	piano	n
3873	surprisingly	r
3874	lend	v
3875	correctly	r
3876	project	v
3877	govern	v
3878	modest	j
3879	shared	j
3880	psychologist	n
3881	servant	n
3882	overwhelming	j
3883	elevator	n
3884	hispanic	j
3885	divine	j
3886	transmission	n
3887	butt	n
3888	commonly	r
3889	cowboy	n
3890	ease	v
3891	intent	n
3892	counseling	n
3893	gentle	j
3894	rhythm	n
3895	short	r
3896	complexity	n
3897	nonetheless	r
3898	effectiveness	n
3899	lonely	j
3900	statistical	j
3901	longtime	j
3902	strain	n
3903	firm	j
3904	garbage	n
3905	devote	v
3906	speed	v
3907	venture	n
3908	lock	n
3909	aide	n
3910	subtle	j
3911	rod	n
3912	top	v
3913	civilian	j
3914	t-shirt	n
3915	endure	v
3916	civilian	n
3917	basket	n
3918	strict	j
3919	loser	n
3920	franchise	n
3921	saint	n
3922	aim	n
3923	prosecution	n
3924	bite	n
3925	lyrics	n
3926	compound	n
3927	architecture	n
3928	reach	n
3929	destination	n
3930	cope	v
3931	province	n
3932	sum	n
3933	lecture	n
3934	spill	v
3935	genuine	j
3936	upstairs	r
3937	protest	v
3938	trading	n
3939	please	v
3940	acceptance	n
3941	revelation	n
3942	march	v
3943	indicator	n
3944	collaboration	n
3945	rhetoric	n
3946	tune	v
3947	slam	v
3948	inevitable	j
3949	monkey	n
3950	till	i
3951	protocol	n
3952	productive	j
3953	principal	j
3954	finish	n
3955	jeans	n
3956	companion	n
3957	convict	v
3958	boost	v
3959	recipient	n
3960	practically	r
3961	array	n
3962	persuade	v
3963	undermine	v
3964	yep	u
3965	ranch	n
3966	scout	n
3967	medal	n
3968	endless	j
3969	translation	n
3970	ski	n
3971	conservation	n
3972	habitat	n
3973	contractor	n
3974	trailer	n
3975	pitcher	n
3976	towel	n
3977	goodbye	u
3978	harm	v
3979	bonus	n
3980	dramatically	r
3981	genre	n
3982	caller	n
3983	exit	n
3984	hook	n
3985	behavioral	j
3986	omit	v
3987	pit	n
3988	volunteer	v
3989	boring	j
3990	hook	v
3991	suspend	v
3992	cholesterol	n
3993	closed	j
3994	advertisement	n
3995	bombing	n
3996	consult	v
3997	encounter	n
3998	expertise	n
3999	creator	n
4000	peaceful	j
4001	upset	j
4002	provided	c
4003	tablet	n
4004	blow	n
4005	ruling	n
4006	launch	n
4007	warming	n
4008	equity	n
4009	rational	j
4010	classic	n
4011	utilize	v
4012	pine	n
4013	past	r
4014	bitter	j
4015	guard	v
4016	surgeon	n
4017	affordable	j
4018	tennis	n
4019	artistic	j
4020	download	v
4021	suffering	n
4022	accuracy	n
4023	literacy	n
4024	treasury	n
4025	talented	j
4026	crown	n
4027	importantly	r
4028	bare	j
4029	invisible	j
4030	sergeant	n
4031	regulatory	j
4032	thumb	n
4033	colony	n
4034	walking	n
4035	accessible	j
4036	damn	v
4037	integration	n
4038	spouse	n
4039	award	v
4040	excitement	n
4041	residence	n
4042	bold	j
4043	adolescent	n
4044	greek	j
4045	doll	n
4046	oxygen	n
4047	finance	v
4048	gravity	n
4049	functional	j
4050	palace	n
4051	echo	v
4052	cotton	n
4053	rescue	n
4054	estimated	j
4055	program	v
4056	endorse	v
4057	lawmaker	n
4058	determination	n
4059	flash	v
4060	simultaneously	r
4061	dynamics	n
4062	shell	n
4063	hint	n
4064	frame	v
4065	administer	v
4066	rush	n
4067	christianity	n
4068	distract	v
4069	ban	n
4070	alleged	j
4071	statute	n
4072	value	v
4073	biology	n
4074	republican	j
4075	follower	n
4076	nasty	j
4077	evident	j
4078	prior	j
4079	confess	v
4080	eligible	j
4081	picture	v
4082	rock	v
4083	trap	n
4084	consent	n
4085	pump	n
4086	down	n
4087	bloody	j
4088	hate	n
4089	occasional	j
4090	trunk	n
4091	prohibit	v
4092	sustainable	j
4093	belly	n
4094	banking	n
4095	asshole	n
4096	journalism	n
4097	flash	n
4098	average	v
4099	obstacle	n
4100	ridge	n
4101	heal	v
4102	bastard	n
4103	cheer	v
4104	apology	n
4105	tumor	n
4106	architect	n
4107	wrist	n
4108	harbor	n
4109	handsome	j
4110	bullshit	n
4111	realm	n
4112	bet	n
4113	twist	v
4114	inspector	n
4115	surveillance	n
4116	trauma	n
4117	rebuild	v
4118	romance	n
4119	gross	j
4120	deadline	n
4121	age	v
4122	classical	j
4123	convey	v
4124	compensation	n
4125	insect	n
4126	debate	v
4127	output	n
4128	parliament	n
4129	suite	n
4130	opposed	i
4131	fold	v
4132	separation	n
4133	demon	n
4134	eating	n
4135	structural	j
4136	besides	i
4137	equality	n
4138	logical	j
4139	probability	n
4140	await	v
4141	generous	j
4142	acquisition	n
4143	custody	n
4144	compromise	n
4145	greet	v
4146	trash	n
4147	judicial	j
4148	earthquake	n
4149	insane	j
4150	realistic	j
4151	wake	n
4152	assemble	v
4153	necessity	n
4154	horn	n
4155	parameter	n
4156	grip	n
4157	modify	v
4158	signal	v
4159	sponsor	v
4160	mathematics	n
4161	hallway	n
4162	african-american	j
4163	any	r
4164	liability	n
4165	crawl	v
4166	theoretical	j
4167	condemn	v
4168	fluid	n
4169	homeland	n
4170	technological	j
4171	exam	n
4172	anchor	n
4173	spell	v
4174	considering	c
4175	conscious	j
4176	vitamin	n
4177	known	j
4178	hostage	n
4179	reserve	v
4180	actively	r
4181	mill	n
4182	teenage	j
4183	respect	i
4184	retrieve	v
4185	processing	n
4186	sentiment	n
4187	offering	n
4188	oral	j
4189	convinced	j
4190	photography	n
4191	coin	n
4192	laptop	n
4193	bounce	v
4194	goodness	n
4195	affiliation	n
4196	punch	v
4197	burst	v
4198	bee	n
4199	blessing	n
4200	command	v
4201	continuous	j
4202	above	j
4203	landing	n
4204	repair	n
4205	worry	n
4206	ritual	n
4207	bath	n
4208	sneak	v
4209	historically	r
4210	mud	n
4211	scan	v
4212	reminder	n
4213	hers	p
4214	slavery	n
4215	supervisor	n
4216	quantity	n
4217	olympics	n
4218	pleasant	j
4219	slope	n
4220	skirt	n
4221	outlet	n
4222	curtain	n
4223	declaration	n
4224	seal	v
4225	immune	j
4226	switch	n
4227	calendar	n
4228	paragraph	n
4229	identical	j
4230	credit	v
4231	regret	v
4232	quest	n
4233	flat	n
4234	entrepreneur	n
4235	specify	v
4236	stumble	v
4237	clay	n
4238	noon	n
4239	last	r
4240	strip	v
4241	elbow	n
4242	outstanding	j
4243	uh-huh	u
4244	unity	n
4245	rent	n
4246	manipulate	v
4247	airplane	n
4248	portfolio	n
4249	mysterious	j
4250	delicious	j
4251	northwest	n
4252	sweat	n
4253	profound	j
4254	sacrifice	v
4255	treasure	n
4256	flour	n
4257	lightly	r
4258	rally	n
4259	default	n
4260	alongside	i
4261	plain	n
4262	hug	v
4263	isolate	v
4264	exploration	n
4265	secure	j
4266	limb	n
4267	enroll	v
4268	outer	j
4269	charter	n
4270	southwest	n
4271	escape	n
4272	arena	n
4273	witch	n
4274	upcoming	j
4275	forty	m
4276	someday	r
4277	unite	v
4278	courtesy	n
4279	statue	n
4280	fist	n
4281	castle	n
4282	precise	j
4283	squad	n
4284	cruise	n
4285	joke	v
4286	legally	r
4287	embassy	n
4288	patience	n
4289	medium	j
4290	thereby	r
4291	bush	n
4292	purple	j
4293	peer	v
4294	electrical	j
4295	outfit	n
4296	cage	n
4297	retired	j
4298	shark	n
4299	lobby	n
4300	sidewalk	n
4301	near	r
4302	runner	n
4303	ankle	n
4304	attraction	n
4305	fool	v
4306	artificial	j
4307	mercy	n
4308	indigenous	j
4309	slap	v
4310	tune	n
4311	dancer	n
4312	candle	n
4313	sexually	r
4314	needle	n
4315	hidden	j
4316	chronicle	n
4317	suburb	n
4318	toxic	j
4319	underlying	j
4320	sensor	n
4321	deploy	v
4322	debut	n
4323	star	v
4324	magnitude	n
4325	suspicion	n
4326	pro	j
4327	colonial	j
4328	icon	n
4329	grandma	n
4330	info	n
4331	jurisdiction	n
4332	iranian	j
4333	senior	n
4334	parade	n
4335	seal	n
4336	archive	n
4337	gifted	j
4338	rage	n
4339	outdoor	j
4340	ending	n
4341	loop	n
4342	altogether	r
4343	chase	n
4344	burning	j
4345	reception	n
4346	local	n
4347	crush	v
4348	premise	n
4349	deem	v
4350	automatic	j
4351	whale	n
4352	mechanical	j
4353	credibility	n
4354	drain	v
4355	drift	v
4356	loyalty	n
4357	promising	j
4358	tide	n
4359	traveler	n
4360	grief	n
4361	metaphor	n
4362	skull	n
4363	pursuit	n
4364	therapist	n
4365	backup	n
4366	workplace	n
4367	instinct	n
4368	export	n
4369	bleed	v
4370	shock	v
4371	seventh	m
4372	fixed	j
4373	broadcast	n
4374	disclose	v
4375	execution	n
4376	pal	n
4377	chuckle	v
4378	pump	v
4379	density	n
4380	correction	n
4381	representative	j
4382	jump	n
4383	repair	v
4384	kinda	r
4385	relieve	v
4386	teammate	n
4387	brush	n
4388	corridor	n
4389	russian	n
4390	enthusiasm	n
4391	extended	j
4392	root	v
4393	alright	r
4394	panic	n
4395	pad	n
4396	bid	n
4397	mild	j
4398	productivity	n
4399	guess	n
4400	tuck	v
4401	defeat	n
4402	railroad	n
4403	frozen	j
4404	minimize	v
4405	amid	i
4406	inspection	n
4407	cab	n
4408	expected	j
4409	nonsense	n
4410	leap	v
4411	draft	v
4412	rider	n
4413	theology	n
4414	terrific	j
4415	accent	n
4416	invitation	n
4417	reply	n
4418	israeli	n
4419	liar	n
4420	oversee	v
4421	awkward	j
4422	registration	n
4423	suburban	j
4424	handle	n
4425	momentum	n
4426	instantly	r
4427	clerk	n
4428	chin	n
4429	hockey	n
4430	laser	n
4431	proposition	n
4432	rob	v
4433	beam	n
4434	ancestor	n
4435	creativity	n
4436	verse	n
4437	casual	j
4438	objection	n
4439	clever	j
4440	given	c
4441	shove	v
4442	revolutionary	j
4443	carbohydrate	n
4444	steam	n
4445	reportedly	r
4446	glance	n
4447	forehead	n
4448	resume	v
4449	slide	n
4450	sheep	n
4451	good	r
4452	carpet	n
4453	cloth	n
4454	interior	n
4455	full-time	j
4456	running	n
4457	questionnaire	n
4458	compromise	v
4459	departure	n
4460	behalf	i
4461	graph	n
4462	diplomatic	j
4463	thief	n
4464	herb	n
4465	subsidy	n
4466	cast	n
4467	fossil	n
4468	patrol	n
4469	pulse	n
4470	mechanic	n
4471	cattle	n
4472	screening	n
4473	continuing	j
4474	electoral	j
4475	supposedly	r
4476	dignity	n
4477	prophet	n
4478	commentary	n
4479	sort	v
4480	spread	n
4481	serving	n
4482	safely	r
4483	homework	n
4484	allegedly	r
4485	android	n
4486	alpha	n
4487	insert	v
4488	mortality	n
4489	contend	v
4490	elephant	n
4491	solely	r
4492	hurt	j
4493	continent	n
4494	attribute	n
4495	ecosystem	n
4496	leave	n
4497	nearby	r
4498	olive	j
4499	syndrome	n
4500	minimum	n
4501	catch	n
4502	abstract	j
4503	accusation	n
4504	coming	j
4505	sock	n
4506	pickup	n
4507	shuttle	n
4508	improved	j
4509	calculation	n
4510	innovative	j
4511	demographic	j
4512	accommodate	v
4513	jaw	n
4514	unfair	j
4515	tragic	j
4516	comprise	v
4517	faster	j
4518	nutrition	n
4519	mentor	n
4520	stance	n
4521	rabbit	n
4522	pause	n
4523	dot	n
4524	contributor	n
4525	cooperate	v
4526	disk	n
4527	hesitate	v
4528	regard	i
4529	offend	v
4530	exploit	v
4531	compel	v
4532	likelihood	n
4533	sibling	n
4534	southeast	n
4535	gorgeous	j
4536	undertake	v
4537	painter	n
4538	residential	j
4539	counterpart	n
4540	believer	n
4541	lamp	n
4542	inmate	n
4543	thoroughly	r
4544	trace	n
4545	freak	v
4546	filter	n
4547	pillow	n
4548	orbit	n
4549	purse	n
4550	likewise	r
4551	cease	v
4552	passing	j
4553	feed	n
4554	vanish	v
4555	instructional	j
4556	clause	n
4557	mentally	r
4558	model	v
4559	left	n
4560	pond	n
4561	neutral	j
4562	shield	n
4563	popularity	n
4564	cartoon	n
4565	authorize	v
4566	combined	j
4567	exhibit	n
4568	sink	n
4569	graphic	n
4570	darling	n
4571	traditionally	r
4572	vendor	n
4573	poorly	r
4574	conceive	v
4575	opt	v
4576	descend	v
4577	firmly	r
4578	beloved	j
4579	openly	r
4580	gathering	n
4581	alien	j
4582	stem	v
4583	fever	n
4584	preach	v
4585	interfere	v
4586	arrow	n
4587	required	j
4588	capitalism	n
4589	kick	n
4590	fork	n
4591	survey	v
4592	meantime	n
4593	presumably	r
4594	position	v
4595	racist	j
4596	stay	n
4597	illusion	n
4598	removal	n
4599	anxious	j
4600	arab	n
4601	organism	n
4602	awake	j
4603	sculpture	n
4604	spare	v
4605	marine	n
4606	harassment	n
4607	drum	n
4608	diminish	v
4609	helmet	n
4610	level	j
4611	certificate	n
4612	tribal	j
4613	bad	r
4614	mmm	u
4615	sadly	r
4616	cart	n
4617	spy	n
4618	sunlight	n
4619	delete	v
4620	rookie	n
4621	clarify	v
4622	hunger	n
4623	practitioner	n
4624	performer	n
4625	protective	j
4626	jar	n
4627	programming	n
4628	dawn	n
4629	salmon	n
4630	census	n
4631	pick	n
4632	accomplishment	n
4633	conscience	n
4634	fortunately	r
4635	minimal	j
4636	molecule	n
4637	supportive	j
4638	sole	j
4639	threshold	n
4640	inventory	n
4641	comply	v
4642	monetary	j
4643	transport	n
4644	shy	j
4645	drill	v
4646	influential	j
4647	verbal	j
4648	reward	v
4649	ranking	n
4650	gram	n
4651	grasp	v
4652	puzzle	n
4653	envelope	n
4654	heat	v
4655	classify	v
4656	enact	v
4657	unfortunate	j
4658	scatter	v
4659	cure	n
4660	time	v
4661	dear	u
4662	slice	v
4663	readily	r
4664	damn	u
4665	discount	n
4666	addiction	n
4667	emerging	j
4668	worthy	j
4669	marker	n
4670	juror	n
4671	mention	n
4672	blend	v
4673	businessman	n
4674	premium	n
4675	retailer	n
4676	charge	i
4677	liver	n
4678	pirate	n
4679	protester	n
4680	outlook	n
4681	elder	n
4682	gallon	n
4683	additionally	r
4684	ignorance	n
4685	chemistry	n
4686	sometime	r
4687	weed	n
4688	babe	n
4689	fraction	n
4690	cook	n
4691	conversion	n
4692	object	v
4693	tolerate	v
4694	trail	v
4695	drown	v
4696	merit	n
4697	citizenship	n
4698	coordinator	n
4699	validity	n
4700	european	n
4701	lightning	n
4702	turtle	n
4703	ambition	n
4704	worldwide	r
4705	sail	v
4706	added	j
4707	delicate	j
4708	comic	n
4709	soap	n
4710	hostile	j
4711	instruct	v
4712	shortage	n
4713	useless	j
4714	booth	n
4715	diary	n
4716	gasp	v
4717	suspicious	j
4718	transit	n
4719	excite	v
4720	publishing	n
4721	curiosity	n
4722	grid	n
4723	rolling	j
4724	bow	n
4725	cruel	j
4726	disclosure	n
4727	rival	n
4728	denial	n
4729	secular	j
4730	flood	v
4731	speculation	n
4732	sympathy	n
4733	tender	j
4734	inappropriate	j
4735	o'clock	r
4736	sodium	n
4737	divorce	v
4738	spring	v
4739	bang	v
4740	challenging	j
4741	ipad	n
4742	sack	n
4743	barn	n
4744	reliability	n
4745	hormone	n
4746	footage	n
4747	carve	v
4748	alley	n
4749	ease	n
4750	coastal	j
4751	cafe	n
4752	partial	j
4753	flexible	j
4754	experienced	j
4755	mixed	j
4756	vampire	n
4757	optimistic	j
4758	dessert	n
4759	well-being	n
4760	northeast	n
4761	specialize	v
4762	fleet	n
4763	availability	n
4764	compliance	n
4765	pin	n
4766	pork	n
4767	astronomer	n
4768	like	n
4769	forbid	v
4770	installation	n
4771	boil	v
4772	nest	n
4773	exclusively	r
4774	goat	n
4775	shallow	j
4776	equip	v
4777	equivalent	n
4778	betray	v
4779	willingness	n
4780	banker	n
4781	interval	n
4782	gasoline	n
4783	encouraging	j
4784	rain	v
4785	exchange	v
4786	bucket	n
4787	theft	n
4788	laundry	n
4789	constraint	n
4790	dying	j
4791	hatred	n
4792	jewelry	n
4793	migration	n
4794	invention	n
4795	loving	j
4796	revenge	n
4797	unprecedented	j
4798	outline	v
4799	sheer	j
4800	halloween	n
4801	sweetheart	n
4802	spit	v
4803	lazy	j
4804	intimate	j
4805	defender	n
4806	technically	r
4807	battle	v
4808	cure	v
4809	peanut	n
4810	unclear	j
4811	piss	v
4812	workout	n
4813	wilderness	n
4814	compelling	j
4815	eleven	m
4816	arm	v
4817	backyard	n
4818	alike	r
4819	partially	r
4820	transport	v
4821	guardian	n
4822	passionate	j
4823	scripture	n
4824	midst	n
4825	ideological	j
4826	apart	i
4827	thrive	v
4828	sensitivity	n
4829	trigger	n
4830	emotionally	r
4831	ignorant	j
4832	explicitly	r
4833	unfold	v
4834	headache	n
4835	eternal	j
4836	chop	v
4837	ego	n
4838	spectacular	j
4839	deposit	n
4840	verdict	n
4841	regard	n
4842	accountability	n
4843	nominate	v
4844	civic	j
4845	uncover	v
4846	critique	n
4847	aisle	n
4848	tropical	j
4849	annually	r
4850	eighth	m
4851	blast	n
4852	corrupt	j
4853	compassion	n
4854	scratch	v
4855	verify	v
4856	offender	n
4857	inherit	v
4858	strive	v
4859	downtown	r
4860	chunk	n
4861	appreciation	n
4862	canvas	n
4863	punch	n
4864	short-term	j
4865	proceedings	n
4866	magical	j
4867	loyal	j
4868	aah	u
4869	desperately	r
4870	throne	n
4871	brutal	j
4872	spite	i
4873	propaganda	n
4874	irony	n
4875	soda	n
4876	projection	n
4877	dutch	j
4878	parental	j
4879	disabled	j
4880	collector	n
4881	re-election	n
4882	disappointment	n
4883	comic	j
4884	aid	v
4885	happily	r
4886	steep	j
4887	fancy	j
4888	counter	v
4889	listener	n
4890	whip	v
4891	public	r
4892	drawer	n
4893	heck	n
4894	developmental	j
4895	ideal	n
4896	ash	n
4897	socially	r
4898	courtroom	n
4899	stamp	n
4900	solo	n
4901	trainer	n
4902	induce	v
4903	anytime	n
4904	morality	n
4905	syrian	j
4906	pipeline	n
4907	bride	n
4908	instant	j
4909	spark	v
4910	doorway	n
4911	interface	n
4912	learner	n
4913	casino	n
4914	placement	n
4915	cord	n
4916	fan	v
4917	conception	n
4918	flexibility	n
4919	thou	p
4920	tax	v
4921	elegant	j
4922	flaw	n
4923	locker	n
4924	peel	v
4925	campaign	v
4926	twist	n
4927	spell	n
4928	objective	j
4929	plea	n
4930	goddamn	j
4931	import	n
4932	stack	n
4933	gosh	u
4934	philosophical	j
4935	junk	n
4936	bicycle	n
4937	vocal	j
4938	chew	v
4939	destiny	n
4940	ambitious	j
4941	unbelievable	j
4942	vice	n
4943	halfway	r
4944	jealous	j
4945	sphere	n
4946	invade	v
4947	sponsor	n
4948	excessive	j
4949	countless	j
4950	sunset	n
4951	interior	j
4952	accounting	n
4953	faithful	j
4954	freely	r
4955	extract	v
4956	adaptation	n
4957	ray	n
4958	depressed	j
4959	emperor	n
4960	wagon	n
4961	columnist	n
4962	jungle	n
4963	embarrassed	j
4964	trillion	n
4965	breeze	n
4966	blame	n
4967	foster	v
4968	venue	n
4969	discourage	v
4970	disturbing	j
4971	riot	n
4972	isolation	n
4973	explicit	j
4974	commodity	n
4975	attendance	n
4976	tab	n
4977	consequently	r
4978	dough	n
4979	novel	j
4980	streak	n
4981	silk	n
4982	similarity	n
4983	steak	n
4984	dancing	n
4985	petition	n
4986	viable	j
4987	breathing	n
4988	mm	u
4989	balloon	n
4990	monument	n
4991	try	n
4992	cue	n
4993	sleeve	n
4994	toll	n
4995	reluctant	j
4996	warrant	n
4997	stiff	j
4998	tattoo	n
4999	softly	r
5000	sudden	r
5001	graduation	n
5002	japanese	n
5003	deliberately	r
5004	consecutive	j
5005	upgrade	v
5006	associate	j
5007	accurately	r
5008	strictly	r
5009	leak	v
5010	casualty	n
5011	risky	j
5012	banana	n
5013	blank	j
5014	beneficial	j
5015	shrink	v
5016	chat	v
5017	rack	n
5018	rude	j
5019	usage	n
5020	testament	n
5021	browser	n
5022	processor	n
5023	thigh	n
5024	perceived	j
5025	yield	n
5026	talking	n
5027	merchant	n
5028	quantum	n
5029	eyebrow	n
5030	surrounding	j
5031	vocabulary	n
5032	ashamed	j
5033	eh	u
5034	radar	n
5035	stunning	j
5036	murderer	n
5037	burger	n
5038	collar	n
5039	align	v
5040	textbook	n
5041	sensation	n
5042	afterward	r
5043	charm	n
5044	sunny	j
5045	hammer	n
5046	keyboard	n
5047	persist	v
5048	wheat	n
5049	predator	n
5050	bizarre	j
